birthPlaceCountry,countryOfIncorporation,countryOfResidency,deathTime,firstName,isActive,lastName,legalName,listedCompany,maritalStatus,middleName,name,nameAlias,nationality,occupation,organizationSymbol,partyId,partyType,sourceOfIncome,title,website,gender,homePhone,alternatePhone,cellPhone,primaryPhone,workPhone,alternateEmail,companyEmail,personalEmail,workEmail,isIndividual
US,US,US,,,,,,,,,,,US,,,0,Organization,,,,,,,,,,,,,,False
US,US,US,,,,,,,,,,,US,,,1,Organization,,,,,,,,,,,,,,False
US,US,US,,,,,,,,,,,US,,,3,Organization,,,,,,,,,,,,,,False
US,US,US,,,,,,,,,,,US,,,5,Organization,,,,,,,,,,,,,,False
US,US,US,,,,,,,,,,,US,,,7,Organization,,,,,,,,,,,,,,False
US,US,US,,,,,,,,,,,US,,,9,Organization,,,,,,,,,,,,,,False
US,US,US,,,,,,,,,,,US,,,12,Organization,,,,,,,,,,,,,,False
US,US,US,,,,,,,,,,,US,,,13,Organization,,,,,,,,,,,,,,False
US,US,US,,,,,,,,,,,US,,,14,Organization,,,,,,,,,,,,,,False
US,US,US,,,,,,,,,,,US,,,16,Organization,,,,,,,,,,,,,,False
US,US,US,,,,,,,,,,,US,,,22,Organization,,,,,,,,,,,,,,False
US,US,US,,,,,,,,,,,US,,,26,Organization,,,,,,,,,,,,,,False
US,US,US,,,,,,,,,,,US,,,29,Organization,,,,,,,,,,,,,,False
US,US,US,,,,,,,,,,,US,,,30,Organization,,,,,,,,,,,,,,False
US,US,US,,,,,,,,,,,US,,,31,Organization,,,,,,,,,,,,,,False
US,US,US,,,,,,,,,,,US,,,32,Organization,,,,,,,,,,,,,,False
US,US,US,,,,,,,,,,,US,,,40,Organization,,,,,,,,,,,,,,False
US,US,US,,,,,,,,,,,US,,,41,Organization,,,,,,,,,,,,,,False
US,US,US,,,,,,,,,,,US,,,46,Organization,,,,,,,,,,,,,,False
US,US,US,,,,,,,,,,,US,,,47,Organization,,,,,,,,,,,,,,False
US,US,US,,,,,,,,,,,US,,,48,Organization,,,,,,,,,,,,,,False
US,US,US,,,,,,,,,,,US,,,49,Organization,,,,,,,,,,,,,,False
US,US,US,,,,,,,,,,,US,,,52,Organization,,,,,,,,,,,,,,False
US,US,US,,,,,,,,,,,US,,,53,Organization,,,,,,,,,,,,,,False
US,US,US,,,,,,,,,,,US,,,54,Organization,,,,,,,,,,,,,,False
US,US,US,,,,,,,,,,,US,,,57,Organization,,,,,,,,,,,,,,False
US,US,US,,,,,,,,,,,US,,,58,Organization,,,,,,,,,,,,,,False
US,US,US,,,,,,,,,,,US,,,61,Organization,,,,,,,,,,,,,,False
US,US,US,,,,,,,,,,,US,,,62,Organization,,,,,,,,,,,,,,False
US,US,US,,,,,,,,,,,US,,,67,Organization,,,,,,,,,,,,,,False
US,US,US,,,,,,,,,,,US,,,70,Organization,,,,,,,,,,,,,,False
US,US,US,,,,,,,,,,,US,,,71,Organization,,,,,,,,,,,,,,False
US,US,US,,,,,,,,,,,US,,,72,Organization,,,,,,,,,,,,,,False
US,US,US,,,,,,,,,,,US,,,76,Organization,,,,,,,,,,,,,,False
US,US,US,,,,,,,,,,,US,,,78,Organization,,,,,,,,,,,,,,False
US,US,US,,,,,,,,,,,US,,,79,Organization,,,,,,,,,,,,,,False
US,US,US,,,,,,,,,,,US,,,80,Organization,,,,,,,,,,,,,,False
US,US,US,,,,,,,,,,,US,,,82,Organization,,,,,,,,,,,,,,False
US,US,US,,,,,,,,,,,US,,,83,Organization,,,,,,,,,,,,,,False
US,US,US,,,,,,,,,,,US,,,85,Organization,,,,,,,,,,,,,,False
US,US,US,,,,,,,,,,,US,,,87,Organization,,,,,,,,,,,,,,False
US,US,US,,,,,,,,,,,US,,,89,Organization,,,,,,,,,,,,,,False
US,US,US,,,,,,,,,,,US,,,94,Organization,,,,,,,,,,,,,,False
US,US,US,,,,,,,,,,,US,,,97,Organization,,,,,,,,,,,,,,False
US,US,US,,,,,,,,,,,US,,,99,Organization,,,,,,,,,,,,,,False
US,US,US,,,,,,,,,,,US,,,102,Organization,,,,,,,,,,,,,,False
US,US,US,,,,,,,,,,,US,,,103,Organization,,,,,,,,,,,,,,False
US,US,US,,,,,,,,,,,US,,,105,Organization,,,,,,,,,,,,,,False
US,US,US,,,,,,,,,,,US,,,106,Organization,,,,,,,,,,,,,,False
US,US,US,,,,,,,,,,,US,,,108,Organization,,,,,,,,,,,,,,False
US,US,US,,,,,,,,,,,US,,,109,Organization,,,,,,,,,,,,,,False
US,US,US,,,,,,,,,,,US,,,110,Organization,,,,,,,,,,,,,,False
US,US,US,,,,,,,,,,,US,,,112,Organization,,,,,,,,,,,,,,False
US,US,US,,,,,,,,,,,US,,,114,Organization,,,,,,,,,,,,,,False
US,US,US,,,,,,,,,,,US,,,116,Organization,,,,,,,,,,,,,,False
US,US,US,,,,,,,,,,,US,,,122,Organization,,,,,,,,,,,,,,False
US,US,US,,,,,,,,,,,US,,,125,Organization,,,,,,,,,,,,,,False
US,US,US,,,,,,,,,,,US,,,129,Organization,,,,,,,,,,,,,,False
US,US,US,,,,,,,,,,,US,,,130,Organization,,,,,,,,,,,,,,False
US,US,US,,,,,,,,,,,US,,,131,Organization,,,,,,,,,,,,,,False
US,US,US,,,,,,,,,,,US,,,133,Organization,,,,,,,,,,,,,,False
US,US,US,,,,,,,,,,,US,,,138,Organization,,,,,,,,,,,,,,False
US,US,US,,,,,,,,,,,US,,,140,Organization,,,,,,,,,,,,,,False
US,US,US,,,,,,,,,,,US,,,141,Organization,,,,,,,,,,,,,,False
US,US,US,,,,,,,,,,,US,,,142,Organization,,,,,,,,,,,,,,False
US,US,US,,,,,,,,,,,US,,,145,Organization,,,,,,,,,,,,,,False
US,US,US,,,,,,,,,,,US,,,150,Organization,,,,,,,,,,,,,,False
US,US,US,,,,,,,,,,,US,,,153,Organization,,,,,,,,,,,,,,False
US,US,US,,,,,,,,,,,US,,,155,Organization,,,,,,,,,,,,,,False
US,US,US,,,,,,,,,,,US,,,156,Organization,,,,,,,,,,,,,,False
US,US,US,,,,,,,,,,,US,,,158,Organization,,,,,,,,,,,,,,False
US,US,US,,,,,,,,,,,US,,,159,Organization,,,,,,,,,,,,,,False
US,US,US,,,,,,,,,,,US,,,160,Organization,,,,,,,,,,,,,,False
US,US,US,,,,,,,,,,,US,,,162,Organization,,,,,,,,,,,,,,False
US,US,US,,,,,,,,,,,US,,,163,Organization,,,,,,,,,,,,,,False
US,US,US,,,,,,,,,,,US,,,164,Organization,,,,,,,,,,,,,,False
US,US,US,,,,,,,,,,,US,,,165,Organization,,,,,,,,,,,,,,False
US,US,US,,,,,,,,,,,US,,,166,Organization,,,,,,,,,,,,,,False
US,US,US,,,,,,,,,,,US,,,167,Organization,,,,,,,,,,,,,,False
US,US,US,,,,,,,,,,,US,,,170,Organization,,,,,,,,,,,,,,False
US,US,US,,,,,,,,,,,US,,,171,Organization,,,,,,,,,,,,,,False
US,US,US,,,,,,,,,,,US,,,172,Organization,,,,,,,,,,,,,,False
US,US,US,,,,,,,,,,,US,,,173,Organization,,,,,,,,,,,,,,False
US,US,US,,,,,,,,,,,US,,,174,Organization,,,,,,,,,,,,,,False
US,US,US,,,,,,,,,,,US,,,175,Organization,,,,,,,,,,,,,,False
US,US,US,,,,,,,,,,,US,,,176,Organization,,,,,,,,,,,,,,False
US,US,US,,,,,,,,,,,US,,,177,Organization,,,,,,,,,,,,,,False
US,US,US,,,,,,,,,,,US,,,178,Organization,,,,,,,,,,,,,,False
US,US,US,,,,,,,,,,,US,,,179,Organization,,,,,,,,,,,,,,False
US,US,US,,,,,,,,,,,US,,,180,Organization,,,,,,,,,,,,,,False
US,US,US,,,,,,,,,,,US,,,182,Organization,,,,,,,,,,,,,,False
US,US,US,,,,,,,,,,,US,,,183,Organization,,,,,,,,,,,,,,False
US,US,US,,,,,,,,,,,US,,,184,Organization,,,,,,,,,,,,,,False
US,US,US,,,,,,,,,,,US,,,187,Organization,,,,,,,,,,,,,,False
US,US,US,,,,,,,,,,,US,,,192,Organization,,,,,,,,,,,,,,False
US,US,US,,,,,,,,,,,US,,,198,Organization,,,,,,,,,,,,,,False
US,US,US,,,,,,,,,,,US,,,199,Organization,,,,,,,,,,,,,,False
US,US,US,,,,,,,,,,,US,,,205,Organization,,,,,,,,,,,,,,False
US,US,US,,,,,,,,,,,US,,,209,Organization,,,,,,,,,,,,,,False
US,US,US,,,,,,,,,,,US,,,212,Organization,,,,,,,,,,,,,,False
US,US,US,,,,,,,,,,,US,,,213,Organization,,,,,,,,,,,,,,False
US,US,US,,,,,,,,,,,US,,,215,Organization,,,,,,,,,,,,,,False
US,US,US,,,,,,,,,,,US,,,217,Organization,,,,,,,,,,,,,,False
US,US,US,,,,,,,,,,,US,,,222,Organization,,,,,,,,,,,,,,False
US,US,US,,,,,,,,,,,US,,,223,Organization,,,,,,,,,,,,,,False
US,US,US,,,,,,,,,,,US,,,224,Organization,,,,,,,,,,,,,,False
US,US,US,,,,,,,,,,,US,,,225,Organization,,,,,,,,,,,,,,False
US,US,US,,,,,,,,,,,US,,,226,Organization,,,,,,,,,,,,,,False
US,US,US,,,,,,,,,,,US,,,227,Organization,,,,,,,,,,,,,,False
US,US,US,,,,,,,,,,,US,,,228,Organization,,,,,,,,,,,,,,False
US,US,US,,,,,,,,,,,US,,,230,Organization,,,,,,,,,,,,,,False
US,US,US,,,,,,,,,,,US,,,233,Organization,,,,,,,,,,,,,,False
US,US,US,,,,,,,,,,,US,,,235,Organization,,,,,,,,,,,,,,False
US,US,US,,,,,,,,,,,US,,,236,Organization,,,,,,,,,,,,,,False
US,US,US,,,,,,,,,,,US,,,238,Organization,,,,,,,,,,,,,,False
US,US,US,,,,,,,,,,,US,,,243,Organization,,,,,,,,,,,,,,False
US,US,US,,,,,,,,,,,US,,,244,Organization,,,,,,,,,,,,,,False
US,US,US,,,,,,,,,,,US,,,250,Organization,,,,,,,,,,,,,,False
US,US,US,,,,,,,,,,,US,,,252,Organization,,,,,,,,,,,,,,False
US,US,US,,,,,,,,,,,US,,,253,Organization,,,,,,,,,,,,,,False
US,US,US,,,,,,,,,,,US,,,254,Organization,,,,,,,,,,,,,,False
US,US,US,,,,,,,,,,,US,,,255,Organization,,,,,,,,,,,,,,False
US,US,US,,,,,,,,,,,US,,,256,Organization,,,,,,,,,,,,,,False
US,US,US,,,,,,,,,,,US,,,257,Organization,,,,,,,,,,,,,,False
US,US,US,,,,,,,,,,,US,,,259,Organization,,,,,,,,,,,,,,False
US,US,US,,,,,,,,,,,US,,,261,Organization,,,,,,,,,,,,,,False
US,US,US,,,,,,,,,,,US,,,263,Organization,,,,,,,,,,,,,,False
US,US,US,,,,,,,,,,,US,,,269,Organization,,,,,,,,,,,,,,False
US,US,US,,,,,,,,,,,US,,,274,Organization,,,,,,,,,,,,,,False
US,US,US,,,,,,,,,,,US,,,275,Organization,,,,,,,,,,,,,,False
US,US,US,,,,,,,,,,,US,,,278,Organization,,,,,,,,,,,,,,False
US,US,US,,,,,,,,,,,US,,,281,Organization,,,,,,,,,,,,,,False
US,US,US,,,,,,,,,,,US,,,283,Organization,,,,,,,,,,,,,,False
US,US,US,,,,,,,,,,,US,,,286,Organization,,,,,,,,,,,,,,False
US,US,US,,,,,,,,,,,US,,,287,Organization,,,,,,,,,,,,,,False
US,US,US,,,,,,,,,,,US,,,289,Organization,,,,,,,,,,,,,,False
US,US,US,,,,,,,,,,,US,,,291,Organization,,,,,,,,,,,,,,False
US,US,US,,,,,,,,,,,US,,,292,Organization,,,,,,,,,,,,,,False
US,US,US,,,,,,,,,,,US,,,293,Organization,,,,,,,,,,,,,,False
US,US,US,,,,,,,,,,,US,,,298,Organization,,,,,,,,,,,,,,False
US,US,US,,,,,,,,,,,US,,,300,Organization,,,,,,,,,,,,,,False
US,US,US,,,,,,,,,,,US,,,301,Organization,,,,,,,,,,,,,,False
US,US,US,,,,,,,,,,,US,,,305,Organization,,,,,,,,,,,,,,False
US,US,US,,,,,,,,,,,US,,,306,Organization,,,,,,,,,,,,,,False
US,US,US,,,,,,,,,,,US,,,307,Organization,,,,,,,,,,,,,,False
US,US,US,,,,,,,,,,,US,,,308,Organization,,,,,,,,,,,,,,False
US,US,US,,,,,,,,,,,US,,,309,Organization,,,,,,,,,,,,,,False
US,US,US,,,,,,,,,,,US,,,310,Organization,,,,,,,,,,,,,,False
US,US,US,,,,,,,,,,,US,,,311,Organization,,,,,,,,,,,,,,False
US,US,US,,,,,,,,,,,US,,,314,Organization,,,,,,,,,,,,,,False
US,US,US,,,,,,,,,,,US,,,318,Organization,,,,,,,,,,,,,,False
US,US,US,,,,,,,,,,,US,,,319,Organization,,,,,,,,,,,,,,False
US,US,US,,,,,,,,,,,US,,,324,Organization,,,,,,,,,,,,,,False
US,US,US,,,,,,,,,,,US,,,327,Organization,,,,,,,,,,,,,,False
US,US,US,,,,,,,,,,,US,,,328,Organization,,,,,,,,,,,,,,False
US,US,US,,,,,,,,,,,US,,,332,Organization,,,,,,,,,,,,,,False
US,US,US,,,,,,,,,,,US,,,333,Organization,,,,,,,,,,,,,,False
US,US,US,,,,,,,,,,,US,,,334,Organization,,,,,,,,,,,,,,False
US,US,US,,,,,,,,,,,US,,,336,Organization,,,,,,,,,,,,,,False
US,US,US,,,,,,,,,,,US,,,337,Organization,,,,,,,,,,,,,,False
US,US,US,,,,,,,,,,,US,,,339,Organization,,,,,,,,,,,,,,False
US,US,US,,,,,,,,,,,US,,,347,Organization,,,,,,,,,,,,,,False
US,US,US,,,,,,,,,,,US,,,348,Organization,,,,,,,,,,,,,,False
US,US,US,,,,,,,,,,,US,,,356,Organization,,,,,,,,,,,,,,False
US,US,US,,,,,,,,,,,US,,,357,Organization,,,,,,,,,,,,,,False
US,US,US,,,,,,,,,,,US,,,358,Organization,,,,,,,,,,,,,,False
US,US,US,,,,,,,,,,,US,,,359,Organization,,,,,,,,,,,,,,False
US,US,US,,,,,,,,,,,US,,,360,Organization,,,,,,,,,,,,,,False
US,US,US,,,,,,,,,,,US,,,361,Organization,,,,,,,,,,,,,,False
US,US,US,,,,,,,,,,,US,,,363,Organization,,,,,,,,,,,,,,False
US,US,US,,,,,,,,,,,US,,,364,Organization,,,,,,,,,,,,,,False
US,US,US,,,,,,,,,,,US,,,365,Organization,,,,,,,,,,,,,,False
US,US,US,,,,,,,,,,,US,,,366,Organization,,,,,,,,,,,,,,False
US,US,US,,,,,,,,,,,US,,,368,Organization,,,,,,,,,,,,,,False
US,US,US,,,,,,,,,,,US,,,372,Organization,,,,,,,,,,,,,,False
US,US,US,,,,,,,,,,,US,,,373,Organization,,,,,,,,,,,,,,False
US,US,US,,,,,,,,,,,US,,,378,Organization,,,,,,,,,,,,,,False
US,US,US,,,,,,,,,,,US,,,379,Organization,,,,,,,,,,,,,,False
US,US,US,,,,,,,,,,,US,,,381,Organization,,,,,,,,,,,,,,False
US,US,US,,,,,,,,,,,US,,,382,Organization,,,,,,,,,,,,,,False
US,US,US,,,,,,,,,,,US,,,384,Organization,,,,,,,,,,,,,,False
US,US,US,,,,,,,,,,,US,,,386,Organization,,,,,,,,,,,,,,False
US,US,US,,,,,,,,,,,US,,,388,Organization,,,,,,,,,,,,,,False
US,US,US,,,,,,,,,,,US,,,393,Organization,,,,,,,,,,,,,,False
US,US,US,,,,,,,,,,,US,,,395,Organization,,,,,,,,,,,,,,False
US,US,US,,,,,,,,,,,US,,,396,Organization,,,,,,,,,,,,,,False
US,US,US,,,,,,,,,,,US,,,398,Organization,,,,,,,,,,,,,,False
US,US,US,,,,,,,,,,,US,,,400,Organization,,,,,,,,,,,,,,False
US,US,US,,,,,,,,,,,US,,,401,Organization,,,,,,,,,,,,,,False
US,US,US,,,,,,,,,,,US,,,402,Organization,,,,,,,,,,,,,,False
US,US,US,,,,,,,,,,,US,,,403,Organization,,,,,,,,,,,,,,False
US,US,US,,,,,,,,,,,US,,,404,Organization,,,,,,,,,,,,,,False
US,US,US,,,,,,,,,,,US,,,407,Organization,,,,,,,,,,,,,,False
US,US,US,,,,,,,,,,,US,,,410,Organization,,,,,,,,,,,,,,False
US,US,US,,,,,,,,,,,US,,,414,Organization,,,,,,,,,,,,,,False
US,US,US,,,,,,,,,,,US,,,415,Organization,,,,,,,,,,,,,,False
US,US,US,,,,,,,,,,,US,,,416,Organization,,,,,,,,,,,,,,False
US,US,US,,,,,,,,,,,US,,,418,Organization,,,,,,,,,,,,,,False
US,US,US,,,,,,,,,,,US,,,419,Organization,,,,,,,,,,,,,,False
US,US,US,,,,,,,,,,,US,,,420,Organization,,,,,,,,,,,,,,False
US,US,US,,,,,,,,,,,US,,,425,Organization,,,,,,,,,,,,,,False
US,US,US,,,,,,,,,,,US,,,427,Organization,,,,,,,,,,,,,,False
US,US,US,,,,,,,,,,,US,,,428,Organization,,,,,,,,,,,,,,False
US,US,US,,,,,,,,,,,US,,,430,Organization,,,,,,,,,,,,,,False
US,US,US,,,,,,,,,,,US,,,431,Organization,,,,,,,,,,,,,,False
US,US,US,,,,,,,,,,,US,,,432,Organization,,,,,,,,,,,,,,False
US,US,US,,,,,,,,,,,US,,,436,Organization,,,,,,,,,,,,,,False
US,US,US,,,,,,,,,,,US,,,438,Organization,,,,,,,,,,,,,,False
US,US,US,,,,,,,,,,,US,,,442,Organization,,,,,,,,,,,,,,False
US,US,US,,,,,,,,,,,US,,,443,Organization,,,,,,,,,,,,,,False
US,US,US,,,,,,,,,,,US,,,444,Organization,,,,,,,,,,,,,,False
US,US,US,,,,,,,,,,,US,,,445,Organization,,,,,,,,,,,,,,False
US,US,US,,,,,,,,,,,US,,,446,Organization,,,,,,,,,,,,,,False
US,US,US,,,,,,,,,,,US,,,447,Organization,,,,,,,,,,,,,,False
US,US,US,,,,,,,,,,,US,,,450,Organization,,,,,,,,,,,,,,False
US,US,US,,,,,,,,,,,US,,,452,Organization,,,,,,,,,,,,,,False
US,US,US,,,,,,,,,,,US,,,454,Organization,,,,,,,,,,,,,,False
US,US,US,,,,,,,,,,,US,,,456,Organization,,,,,,,,,,,,,,False
US,US,US,,,,,,,,,,,US,,,457,Organization,,,,,,,,,,,,,,False
US,US,US,,,,,,,,,,,US,,,459,Organization,,,,,,,,,,,,,,False
US,US,US,,,,,,,,,,,US,,,460,Organization,,,,,,,,,,,,,,False
US,US,US,,,,,,,,,,,US,,,461,Organization,,,,,,,,,,,,,,False
US,US,US,,,,,,,,,,,US,,,462,Organization,,,,,,,,,,,,,,False
US,US,US,,,,,,,,,,,US,,,465,Organization,,,,,,,,,,,,,,False
US,US,US,,,,,,,,,,,US,,,466,Organization,,,,,,,,,,,,,,False
US,US,US,,,,,,,,,,,US,,,468,Organization,,,,,,,,,,,,,,False
US,US,US,,,,,,,,,,,US,,,469,Organization,,,,,,,,,,,,,,False
US,US,US,,,,,,,,,,,US,,,470,Organization,,,,,,,,,,,,,,False
US,US,US,,,,,,,,,,,US,,,471,Organization,,,,,,,,,,,,,,False
US,US,US,,,,,,,,,,,US,,,472,Organization,,,,,,,,,,,,,,False
US,US,US,,,,,,,,,,,US,,,473,Organization,,,,,,,,,,,,,,False
US,US,US,,,,,,,,,,,US,,,475,Organization,,,,,,,,,,,,,,False
US,US,US,,,,,,,,,,,US,,,476,Organization,,,,,,,,,,,,,,False
US,US,US,,,,,,,,,,,US,,,478,Organization,,,,,,,,,,,,,,False
US,US,US,,,,,,,,,,,US,,,479,Organization,,,,,,,,,,,,,,False
US,US,US,,,,,,,,,,,US,,,482,Organization,,,,,,,,,,,,,,False
US,US,US,,,,,,,,,,,US,,,483,Organization,,,,,,,,,,,,,,False
US,US,US,,,,,,,,,,,US,,,484,Organization,,,,,,,,,,,,,,False
US,US,US,,,,,,,,,,,US,,,485,Organization,,,,,,,,,,,,,,False
US,US,US,,,,,,,,,,,US,,,486,Organization,,,,,,,,,,,,,,False
US,US,US,,,,,,,,,,,US,,,491,Organization,,,,,,,,,,,,,,False
US,US,US,,,,,,,,,,,US,,,493,Organization,,,,,,,,,,,,,,False
US,US,US,,,,,,,,,,,US,,,494,Organization,,,,,,,,,,,,,,False
US,US,US,,,,,,,,,,,US,,,497,Organization,,,,,,,,,,,,,,False
US,US,US,,,,,,,,,,,US,,,499,Organization,,,,,,,,,,,,,,False
US,US,US,,,,,,,,,,,US,,,501,Organization,,,,,,,,,,,,,,False
US,US,US,,,,,,,,,,,US,,,502,Organization,,,,,,,,,,,,,,False
US,US,US,,,,,,,,,,,US,,,507,Organization,,,,,,,,,,,,,,False
US,US,US,,,,,,,,,,,US,,,508,Organization,,,,,,,,,,,,,,False
US,US,US,,,,,,,,,,,US,,,513,Organization,,,,,,,,,,,,,,False
US,US,US,,,,,,,,,,,US,,,516,Organization,,,,,,,,,,,,,,False
US,US,US,,,,,,,,,,,US,,,519,Organization,,,,,,,,,,,,,,False
US,US,US,,,,,,,,,,,US,,,520,Organization,,,,,,,,,,,,,,False
US,US,US,,,,,,,,,,,US,,,521,Organization,,,,,,,,,,,,,,False
US,US,US,,,,,,,,,,,US,,,522,Organization,,,,,,,,,,,,,,False
US,US,US,,,,,,,,,,,US,,,523,Organization,,,,,,,,,,,,,,False
US,US,US,,,,,,,,,,,US,,,525,Organization,,,,,,,,,,,,,,False
US,US,US,,,,,,,,,,,US,,,527,Organization,,,,,,,,,,,,,,False
US,US,US,,,,,,,,,,,US,,,530,Organization,,,,,,,,,,,,,,False
US,US,US,,,,,,,,,,,US,,,531,Organization,,,,,,,,,,,,,,False
US,US,US,,,,,,,,,,,US,,,532,Organization,,,,,,,,,,,,,,False
US,US,US,,,,,,,,,,,US,,,534,Organization,,,,,,,,,,,,,,False
US,US,US,,,,,,,,,,,US,,,536,Organization,,,,,,,,,,,,,,False
US,US,US,,,,,,,,,,,US,,,538,Organization,,,,,,,,,,,,,,False
US,US,US,,,,,,,,,,,US,,,539,Organization,,,,,,,,,,,,,,False
US,US,US,,,,,,,,,,,US,,,541,Organization,,,,,,,,,,,,,,False
US,US,US,,,,,,,,,,,US,,,544,Organization,,,,,,,,,,,,,,False
US,US,US,,,,,,,,,,,US,,,545,Organization,,,,,,,,,,,,,,False
US,US,US,,,,,,,,,,,US,,,548,Organization,,,,,,,,,,,,,,False
US,US,US,,,,,,,,,,,US,,,551,Organization,,,,,,,,,,,,,,False
US,US,US,,,,,,,,,,,US,,,552,Organization,,,,,,,,,,,,,,False
US,US,US,,,,,,,,,,,US,,,553,Organization,,,,,,,,,,,,,,False
US,US,US,,,,,,,,,,,US,,,554,Organization,,,,,,,,,,,,,,False
US,US,US,,,,,,,,,,,US,,,556,Organization,,,,,,,,,,,,,,False
US,US,US,,,,,,,,,,,US,,,557,Organization,,,,,,,,,,,,,,False
US,US,US,,,,,,,,,,,US,,,559,Organization,,,,,,,,,,,,,,False
US,US,US,,,,,,,,,,,US,,,562,Organization,,,,,,,,,,,,,,False
US,US,US,,,,,,,,,,,US,,,566,Organization,,,,,,,,,,,,,,False
US,US,US,,,,,,,,,,,US,,,567,Organization,,,,,,,,,,,,,,False
US,US,US,,,,,,,,,,,US,,,574,Organization,,,,,,,,,,,,,,False
US,US,US,,,,,,,,,,,US,,,575,Organization,,,,,,,,,,,,,,False
US,US,US,,,,,,,,,,,US,,,576,Organization,,,,,,,,,,,,,,False
US,US,US,,,,,,,,,,,US,,,577,Organization,,,,,,,,,,,,,,False
US,US,US,,,,,,,,,,,US,,,578,Organization,,,,,,,,,,,,,,False
US,US,US,,,,,,,,,,,US,,,579,Organization,,,,,,,,,,,,,,False
US,US,US,,,,,,,,,,,US,,,580,Organization,,,,,,,,,,,,,,False
US,US,US,,,,,,,,,,,US,,,581,Organization,,,,,,,,,,,,,,False
US,US,US,,,,,,,,,,,US,,,583,Organization,,,,,,,,,,,,,,False
US,US,US,,,,,,,,,,,US,,,586,Organization,,,,,,,,,,,,,,False
US,US,US,,,,,,,,,,,US,,,588,Organization,,,,,,,,,,,,,,False
US,US,US,,,,,,,,,,,US,,,589,Organization,,,,,,,,,,,,,,False
US,US,US,,,,,,,,,,,US,,,590,Organization,,,,,,,,,,,,,,False
US,US,US,,,,,,,,,,,US,,,591,Organization,,,,,,,,,,,,,,False
US,US,US,,,,,,,,,,,US,,,594,Organization,,,,,,,,,,,,,,False
US,US,US,,,,,,,,,,,US,,,595,Organization,,,,,,,,,,,,,,False
US,US,US,,,,,,,,,,,US,,,596,Organization,,,,,,,,,,,,,,False
US,US,US,,,,,,,,,,,US,,,599,Organization,,,,,,,,,,,,,,False
US,US,US,,,,,,,,,,,US,,,603,Organization,,,,,,,,,,,,,,False
US,US,US,,,,,,,,,,,US,,,604,Organization,,,,,,,,,,,,,,False
US,US,US,,,,,,,,,,,US,,,606,Organization,,,,,,,,,,,,,,False
US,US,US,,,,,,,,,,,US,,,607,Organization,,,,,,,,,,,,,,False
US,US,US,,,,,,,,,,,US,,,608,Organization,,,,,,,,,,,,,,False
US,US,US,,,,,,,,,,,US,,,609,Organization,,,,,,,,,,,,,,False
US,US,US,,,,,,,,,,,US,,,613,Organization,,,,,,,,,,,,,,False
US,US,US,,,,,,,,,,,US,,,614,Organization,,,,,,,,,,,,,,False
US,US,US,,,,,,,,,,,US,,,615,Organization,,,,,,,,,,,,,,False
US,US,US,,,,,,,,,,,US,,,616,Organization,,,,,,,,,,,,,,False
US,US,US,,,,,,,,,,,US,,,618,Organization,,,,,,,,,,,,,,False
US,US,US,,,,,,,,,,,US,,,620,Organization,,,,,,,,,,,,,,False
US,US,US,,,,,,,,,,,US,,,621,Organization,,,,,,,,,,,,,,False
US,US,US,,,,,,,,,,,US,,,625,Organization,,,,,,,,,,,,,,False
US,US,US,,,,,,,,,,,US,,,626,Organization,,,,,,,,,,,,,,False
US,US,US,,,,,,,,,,,US,,,627,Organization,,,,,,,,,,,,,,False
US,US,US,,,,,,,,,,,US,,,630,Organization,,,,,,,,,,,,,,False
US,US,US,,,,,,,,,,,US,,,631,Organization,,,,,,,,,,,,,,False
US,US,US,,,,,,,,,,,US,,,633,Organization,,,,,,,,,,,,,,False
US,US,US,,,,,,,,,,,US,,,636,Organization,,,,,,,,,,,,,,False
US,US,US,,,,,,,,,,,US,,,638,Organization,,,,,,,,,,,,,,False
US,US,US,,,,,,,,,,,US,,,641,Organization,,,,,,,,,,,,,,False
US,US,US,,,,,,,,,,,US,,,642,Organization,,,,,,,,,,,,,,False
US,US,US,,,,,,,,,,,US,,,643,Organization,,,,,,,,,,,,,,False
US,US,US,,,,,,,,,,,US,,,644,Organization,,,,,,,,,,,,,,False
US,US,US,,,,,,,,,,,US,,,645,Organization,,,,,,,,,,,,,,False
US,US,US,,,,,,,,,,,US,,,648,Organization,,,,,,,,,,,,,,False
US,US,US,,,,,,,,,,,US,,,653,Organization,,,,,,,,,,,,,,False
US,US,US,,,,,,,,,,,US,,,655,Organization,,,,,,,,,,,,,,False
US,US,US,,,,,,,,,,,US,,,665,Organization,,,,,,,,,,,,,,False
US,US,US,,,,,,,,,,,US,,,670,Organization,,,,,,,,,,,,,,False
US,US,US,,,,,,,,,,,US,,,673,Organization,,,,,,,,,,,,,,False
US,US,US,,,,,,,,,,,US,,,676,Organization,,,,,,,,,,,,,,False
US,US,US,,,,,,,,,,,US,,,677,Organization,,,,,,,,,,,,,,False
US,US,US,,,,,,,,,,,US,,,679,Organization,,,,,,,,,,,,,,False
US,US,US,,,,,,,,,,,US,,,681,Organization,,,,,,,,,,,,,,False
US,US,US,,,,,,,,,,,US,,,685,Organization,,,,,,,,,,,,,,False
US,US,US,,,,,,,,,,,US,,,686,Organization,,,,,,,,,,,,,,False
US,US,US,,,,,,,,,,,US,,,687,Organization,,,,,,,,,,,,,,False
US,US,US,,,,,,,,,,,US,,,688,Organization,,,,,,,,,,,,,,False
US,US,US,,,,,,,,,,,US,,,695,Organization,,,,,,,,,,,,,,False
US,US,US,,,,,,,,,,,US,,,696,Organization,,,,,,,,,,,,,,False
US,US,US,,,,,,,,,,,US,,,697,Organization,,,,,,,,,,,,,,False
US,US,US,,,,,,,,,,,US,,,700,Organization,,,,,,,,,,,,,,False
US,US,US,,,,,,,,,,,US,,,702,Organization,,,,,,,,,,,,,,False
US,US,US,,,,,,,,,,,US,,,703,Organization,,,,,,,,,,,,,,False
US,US,US,,,,,,,,,,,US,,,707,Organization,,,,,,,,,,,,,,False
US,US,US,,,,,,,,,,,US,,,709,Organization,,,,,,,,,,,,,,False
US,US,US,,,,,,,,,,,US,,,710,Organization,,,,,,,,,,,,,,False
US,US,US,,,,,,,,,,,US,,,713,Organization,,,,,,,,,,,,,,False
US,US,US,,,,,,,,,,,US,,,715,Organization,,,,,,,,,,,,,,False
US,US,US,,,,,,,,,,,US,,,716,Organization,,,,,,,,,,,,,,False
US,US,US,,,,,,,,,,,US,,,717,Organization,,,,,,,,,,,,,,False
US,US,US,,,,,,,,,,,US,,,719,Organization,,,,,,,,,,,,,,False
US,US,US,,,,,,,,,,,US,,,720,Organization,,,,,,,,,,,,,,False
US,US,US,,,,,,,,,,,US,,,722,Organization,,,,,,,,,,,,,,False
US,US,US,,,,,,,,,,,US,,,723,Organization,,,,,,,,,,,,,,False
US,US,US,,,,,,,,,,,US,,,724,Organization,,,,,,,,,,,,,,False
US,US,US,,,,,,,,,,,US,,,728,Organization,,,,,,,,,,,,,,False
US,US,US,,,,,,,,,,,US,,,731,Organization,,,,,,,,,,,,,,False
US,US,US,,,,,,,,,,,US,,,735,Organization,,,,,,,,,,,,,,False
US,US,US,,,,,,,,,,,US,,,737,Organization,,,,,,,,,,,,,,False
US,US,US,,,,,,,,,,,US,,,739,Organization,,,,,,,,,,,,,,False
US,US,US,,,,,,,,,,,US,,,744,Organization,,,,,,,,,,,,,,False
US,US,US,,,,,,,,,,,US,,,745,Organization,,,,,,,,,,,,,,False
US,US,US,,,,,,,,,,,US,,,747,Organization,,,,,,,,,,,,,,False
US,US,US,,,,,,,,,,,US,,,748,Organization,,,,,,,,,,,,,,False
US,US,US,,,,,,,,,,,US,,,750,Organization,,,,,,,,,,,,,,False
US,US,US,,,,,,,,,,,US,,,753,Organization,,,,,,,,,,,,,,False
US,US,US,,,,,,,,,,,US,,,755,Organization,,,,,,,,,,,,,,False
US,US,US,,,,,,,,,,,US,,,756,Organization,,,,,,,,,,,,,,False
US,US,US,,,,,,,,,,,US,,,757,Organization,,,,,,,,,,,,,,False
US,US,US,,,,,,,,,,,US,,,758,Organization,,,,,,,,,,,,,,False
US,US,US,,,,,,,,,,,US,,,760,Organization,,,,,,,,,,,,,,False
US,US,US,,,,,,,,,,,US,,,762,Organization,,,,,,,,,,,,,,False
US,US,US,,,,,,,,,,,US,,,763,Organization,,,,,,,,,,,,,,False
US,US,US,,,,,,,,,,,US,,,765,Organization,,,,,,,,,,,,,,False
US,US,US,,,,,,,,,,,US,,,766,Organization,,,,,,,,,,,,,,False
US,US,US,,,,,,,,,,,US,,,767,Organization,,,,,,,,,,,,,,False
US,US,US,,,,,,,,,,,US,,,768,Organization,,,,,,,,,,,,,,False
US,US,US,,,,,,,,,,,US,,,769,Organization,,,,,,,,,,,,,,False
US,US,US,,,,,,,,,,,US,,,771,Organization,,,,,,,,,,,,,,False
US,US,US,,,,,,,,,,,US,,,774,Organization,,,,,,,,,,,,,,False
US,US,US,,,,,,,,,,,US,,,777,Organization,,,,,,,,,,,,,,False
US,US,US,,,,,,,,,,,US,,,778,Organization,,,,,,,,,,,,,,False
US,US,US,,,,,,,,,,,US,,,780,Organization,,,,,,,,,,,,,,False
US,US,US,,,,,,,,,,,US,,,782,Organization,,,,,,,,,,,,,,False
US,US,US,,,,,,,,,,,US,,,784,Organization,,,,,,,,,,,,,,False
US,US,US,,,,,,,,,,,US,,,786,Organization,,,,,,,,,,,,,,False
US,US,US,,,,,,,,,,,US,,,787,Organization,,,,,,,,,,,,,,False
US,US,US,,,,,,,,,,,US,,,790,Organization,,,,,,,,,,,,,,False
US,US,US,,,,,,,,,,,US,,,792,Organization,,,,,,,,,,,,,,False
US,US,US,,,,,,,,,,,US,,,796,Organization,,,,,,,,,,,,,,False
US,US,US,,,,,,,,,,,US,,,797,Organization,,,,,,,,,,,,,,False
US,US,US,,,,,,,,,,,US,,,800,Organization,,,,,,,,,,,,,,False
US,US,US,,,,,,,,,,,US,,,801,Organization,,,,,,,,,,,,,,False
US,US,US,,,,,,,,,,,US,,,803,Organization,,,,,,,,,,,,,,False
US,US,US,,,,,,,,,,,US,,,805,Organization,,,,,,,,,,,,,,False
US,US,US,,,,,,,,,,,US,,,806,Organization,,,,,,,,,,,,,,False
US,US,US,,,,,,,,,,,US,,,808,Organization,,,,,,,,,,,,,,False
US,US,US,,,,,,,,,,,US,,,810,Organization,,,,,,,,,,,,,,False
US,US,US,,,,,,,,,,,US,,,813,Organization,,,,,,,,,,,,,,False
US,US,US,,,,,,,,,,,US,,,816,Organization,,,,,,,,,,,,,,False
US,US,US,,,,,,,,,,,US,,,817,Organization,,,,,,,,,,,,,,False
US,US,US,,,,,,,,,,,US,,,819,Organization,,,,,,,,,,,,,,False
US,US,US,,,,,,,,,,,US,,,820,Organization,,,,,,,,,,,,,,False
US,US,US,,,,,,,,,,,US,,,821,Organization,,,,,,,,,,,,,,False
US,US,US,,,,,,,,,,,US,,,823,Organization,,,,,,,,,,,,,,False
US,US,US,,,,,,,,,,,US,,,825,Organization,,,,,,,,,,,,,,False
US,US,US,,,,,,,,,,,US,,,826,Organization,,,,,,,,,,,,,,False
US,US,US,,,,,,,,,,,US,,,827,Organization,,,,,,,,,,,,,,False
US,US,US,,,,,,,,,,,US,,,828,Organization,,,,,,,,,,,,,,False
US,US,US,,,,,,,,,,,US,,,830,Organization,,,,,,,,,,,,,,False
US,US,US,,,,,,,,,,,US,,,831,Organization,,,,,,,,,,,,,,False
US,US,US,,,,,,,,,,,US,,,834,Organization,,,,,,,,,,,,,,False
US,US,US,,,,,,,,,,,US,,,835,Organization,,,,,,,,,,,,,,False
US,US,US,,,,,,,,,,,US,,,836,Organization,,,,,,,,,,,,,,False
US,US,US,,,,,,,,,,,US,,,837,Organization,,,,,,,,,,,,,,False
US,US,US,,,,,,,,,,,US,,,838,Organization,,,,,,,,,,,,,,False
US,US,US,,,,,,,,,,,US,,,839,Organization,,,,,,,,,,,,,,False
US,US,US,,,,,,,,,,,US,,,842,Organization,,,,,,,,,,,,,,False
US,US,US,,,,,,,,,,,US,,,850,Organization,,,,,,,,,,,,,,False
US,US,US,,,,,,,,,,,US,,,851,Organization,,,,,,,,,,,,,,False
US,US,US,,,,,,,,,,,US,,,852,Organization,,,,,,,,,,,,,,False
US,US,US,,,,,,,,,,,US,,,855,Organization,,,,,,,,,,,,,,False
US,US,US,,,,,,,,,,,US,,,857,Organization,,,,,,,,,,,,,,False
US,US,US,,,,,,,,,,,US,,,859,Organization,,,,,,,,,,,,,,False
US,US,US,,,,,,,,,,,US,,,860,Organization,,,,,,,,,,,,,,False
US,US,US,,,,,,,,,,,US,,,862,Organization,,,,,,,,,,,,,,False
US,US,US,,,,,,,,,,,US,,,866,Organization,,,,,,,,,,,,,,False
US,US,US,,,,,,,,,,,US,,,868,Organization,,,,,,,,,,,,,,False
US,US,US,,,,,,,,,,,US,,,869,Organization,,,,,,,,,,,,,,False
US,US,US,,,,,,,,,,,US,,,870,Organization,,,,,,,,,,,,,,False
US,US,US,,,,,,,,,,,US,,,873,Organization,,,,,,,,,,,,,,False
US,US,US,,,,,,,,,,,US,,,874,Organization,,,,,,,,,,,,,,False
US,US,US,,,,,,,,,,,US,,,875,Organization,,,,,,,,,,,,,,False
US,US,US,,,,,,,,,,,US,,,879,Organization,,,,,,,,,,,,,,False
US,US,US,,,,,,,,,,,US,,,882,Organization,,,,,,,,,,,,,,False
US,US,US,,,,,,,,,,,US,,,883,Organization,,,,,,,,,,,,,,False
US,US,US,,,,,,,,,,,US,,,886,Organization,,,,,,,,,,,,,,False
US,US,US,,,,,,,,,,,US,,,887,Organization,,,,,,,,,,,,,,False
US,US,US,,,,,,,,,,,US,,,888,Organization,,,,,,,,,,,,,,False
US,US,US,,,,,,,,,,,US,,,895,Organization,,,,,,,,,,,,,,False
US,US,US,,,,,,,,,,,US,,,896,Organization,,,,,,,,,,,,,,False
US,US,US,,,,,,,,,,,US,,,897,Organization,,,,,,,,,,,,,,False
US,US,US,,,,,,,,,,,US,,,898,Organization,,,,,,,,,,,,,,False
US,US,US,,,,,,,,,,,US,,,899,Organization,,,,,,,,,,,,,,False
US,US,US,,,,,,,,,,,US,,,902,Organization,,,,,,,,,,,,,,False
US,US,US,,,,,,,,,,,US,,,903,Organization,,,,,,,,,,,,,,False
US,US,US,,,,,,,,,,,US,,,904,Organization,,,,,,,,,,,,,,False
US,US,US,,,,,,,,,,,US,,,906,Organization,,,,,,,,,,,,,,False
US,US,US,,,,,,,,,,,US,,,907,Organization,,,,,,,,,,,,,,False
US,US,US,,,,,,,,,,,US,,,909,Organization,,,,,,,,,,,,,,False
US,US,US,,,,,,,,,,,US,,,910,Organization,,,,,,,,,,,,,,False
US,US,US,,,,,,,,,,,US,,,911,Organization,,,,,,,,,,,,,,False
US,US,US,,,,,,,,,,,US,,,912,Organization,,,,,,,,,,,,,,False
US,US,US,,,,,,,,,,,US,,,913,Organization,,,,,,,,,,,,,,False
US,US,US,,,,,,,,,,,US,,,915,Organization,,,,,,,,,,,,,,False
US,US,US,,,,,,,,,,,US,,,917,Organization,,,,,,,,,,,,,,False
US,US,US,,,,,,,,,,,US,,,920,Organization,,,,,,,,,,,,,,False
US,US,US,,,,,,,,,,,US,,,921,Organization,,,,,,,,,,,,,,False
US,US,US,,,,,,,,,,,US,,,923,Organization,,,,,,,,,,,,,,False
US,US,US,,,,,,,,,,,US,,,924,Organization,,,,,,,,,,,,,,False
US,US,US,,,,,,,,,,,US,,,925,Organization,,,,,,,,,,,,,,False
US,US,US,,,,,,,,,,,US,,,926,Organization,,,,,,,,,,,,,,False
US,US,US,,,,,,,,,,,US,,,933,Organization,,,,,,,,,,,,,,False
US,US,US,,,,,,,,,,,US,,,936,Organization,,,,,,,,,,,,,,False
US,US,US,,,,,,,,,,,US,,,938,Organization,,,,,,,,,,,,,,False
US,US,US,,,,,,,,,,,US,,,939,Organization,,,,,,,,,,,,,,False
US,US,US,,,,,,,,,,,US,,,941,Organization,,,,,,,,,,,,,,False
US,US,US,,,,,,,,,,,US,,,942,Organization,,,,,,,,,,,,,,False
US,US,US,,,,,,,,,,,US,,,944,Organization,,,,,,,,,,,,,,False
US,US,US,,,,,,,,,,,US,,,945,Organization,,,,,,,,,,,,,,False
US,US,US,,,,,,,,,,,US,,,946,Organization,,,,,,,,,,,,,,False
US,US,US,,,,,,,,,,,US,,,947,Organization,,,,,,,,,,,,,,False
US,US,US,,,,,,,,,,,US,,,949,Organization,,,,,,,,,,,,,,False
US,US,US,,,,,,,,,,,US,,,950,Organization,,,,,,,,,,,,,,False
US,US,US,,,,,,,,,,,US,,,953,Organization,,,,,,,,,,,,,,False
US,US,US,,,,,,,,,,,US,,,954,Organization,,,,,,,,,,,,,,False
US,US,US,,,,,,,,,,,US,,,957,Organization,,,,,,,,,,,,,,False
US,US,US,,,,,,,,,,,US,,,961,Organization,,,,,,,,,,,,,,False
US,US,US,,,,,,,,,,,US,,,962,Organization,,,,,,,,,,,,,,False
US,US,US,,,,,,,,,,,US,,,963,Organization,,,,,,,,,,,,,,False
US,US,US,,,,,,,,,,,US,,,964,Organization,,,,,,,,,,,,,,False
US,US,US,,,,,,,,,,,US,,,965,Organization,,,,,,,,,,,,,,False
US,US,US,,,,,,,,,,,US,,,966,Organization,,,,,,,,,,,,,,False
US,US,US,,,,,,,,,,,US,,,970,Organization,,,,,,,,,,,,,,False
US,US,US,,,,,,,,,,,US,,,971,Organization,,,,,,,,,,,,,,False
US,US,US,,,,,,,,,,,US,,,972,Organization,,,,,,,,,,,,,,False
US,US,US,,,,,,,,,,,US,,,973,Organization,,,,,,,,,,,,,,False
US,US,US,,,,,,,,,,,US,,,974,Organization,,,,,,,,,,,,,,False
US,US,US,,,,,,,,,,,US,,,976,Organization,,,,,,,,,,,,,,False
US,US,US,,,,,,,,,,,US,,,977,Organization,,,,,,,,,,,,,,False
US,US,US,,,,,,,,,,,US,,,978,Organization,,,,,,,,,,,,,,False
US,US,US,,,,,,,,,,,US,,,980,Organization,,,,,,,,,,,,,,False
US,US,US,,,,,,,,,,,US,,,981,Organization,,,,,,,,,,,,,,False
US,US,US,,,,,,,,,,,US,,,982,Organization,,,,,,,,,,,,,,False
US,US,US,,,,,,,,,,,US,,,983,Organization,,,,,,,,,,,,,,False
US,US,US,,,,,,,,,,,US,,,984,Organization,,,,,,,,,,,,,,False
US,US,US,,,,,,,,,,,US,,,985,Organization,,,,,,,,,,,,,,False
US,US,US,,,,,,,,,,,US,,,987,Organization,,,,,,,,,,,,,,False
US,US,US,,,,,,,,,,,US,,,988,Organization,,,,,,,,,,,,,,False
US,US,US,,,,,,,,,,,US,,,990,Organization,,,,,,,,,,,,,,False
US,US,US,,,,,,,,,,,US,,,992,Organization,,,,,,,,,,,,,,False
US,US,US,,,,,,,,,,,US,,,993,Organization,,,,,,,,,,,,,,False
US,US,US,,,,,,,,,,,US,,,995,Organization,,,,,,,,,,,,,,False
US,US,US,,,,,,,,,,,US,,,997,Organization,,,,,,,,,,,,,,False
US,US,US,,,,,,,,,,,US,,,998,Organization,,,,,,,,,,,,,,False
US,US,US,,,,,,,,,,,US,,,999,Organization,,,,,,,,,,,,,,False
US,US,US,,,,,,,,,,,US,,,1000,Organization,,,,,,,,,,,,,,False
US,US,US,,,,,,,,,,,US,,,1001,Organization,,,,,,,,,,,,,,False
US,US,US,,,,,,,,,,,US,,,1003,Organization,,,,,,,,,,,,,,False
US,US,US,,,,,,,,,,,US,,,1004,Organization,,,,,,,,,,,,,,False
US,US,US,,,,,,,,,,,US,,,1006,Organization,,,,,,,,,,,,,,False
US,US,US,,,,,,,,,,,US,,,1007,Organization,,,,,,,,,,,,,,False
US,US,US,,,,,,,,,,,US,,,1011,Organization,,,,,,,,,,,,,,False
US,US,US,,,,,,,,,,,US,,,1012,Organization,,,,,,,,,,,,,,False
US,US,US,,,,,,,,,,,US,,,1013,Organization,,,,,,,,,,,,,,False
US,US,US,,,,,,,,,,,US,,,1014,Organization,,,,,,,,,,,,,,False
US,US,US,,,,,,,,,,,US,,,1016,Organization,,,,,,,,,,,,,,False
US,US,US,,,,,,,,,,,US,,,1019,Organization,,,,,,,,,,,,,,False
US,US,US,,,,,,,,,,,US,,,1020,Organization,,,,,,,,,,,,,,False
US,US,US,,,,,,,,,,,US,,,1022,Organization,,,,,,,,,,,,,,False
US,US,US,,,,,,,,,,,US,,,1024,Organization,,,,,,,,,,,,,,False
US,US,US,,,,,,,,,,,US,,,1026,Organization,,,,,,,,,,,,,,False
US,US,US,,,,,,,,,,,US,,,1028,Organization,,,,,,,,,,,,,,False
US,US,US,,,,,,,,,,,US,,,1032,Organization,,,,,,,,,,,,,,False
US,US,US,,,,,,,,,,,US,,,1034,Organization,,,,,,,,,,,,,,False
US,US,US,,,,,,,,,,,US,,,1035,Organization,,,,,,,,,,,,,,False
US,US,US,,,,,,,,,,,US,,,1038,Organization,,,,,,,,,,,,,,False
US,US,US,,,,,,,,,,,US,,,1040,Organization,,,,,,,,,,,,,,False
US,US,US,,,,,,,,,,,US,,,1041,Organization,,,,,,,,,,,,,,False
US,US,US,,,,,,,,,,,US,,,1046,Organization,,,,,,,,,,,,,,False
US,US,US,,,,,,,,,,,US,,,1047,Organization,,,,,,,,,,,,,,False
US,US,US,,,,,,,,,,,US,,,1048,Organization,,,,,,,,,,,,,,False
US,US,US,,,,,,,,,,,US,,,1050,Organization,,,,,,,,,,,,,,False
US,US,US,,,,,,,,,,,US,,,1052,Organization,,,,,,,,,,,,,,False
US,US,US,,,,,,,,,,,US,,,1053,Organization,,,,,,,,,,,,,,False
US,US,US,,,,,,,,,,,US,,,1055,Organization,,,,,,,,,,,,,,False
US,US,US,,,,,,,,,,,US,,,1057,Organization,,,,,,,,,,,,,,False
US,US,US,,,,,,,,,,,US,,,1060,Organization,,,,,,,,,,,,,,False
US,US,US,,,,,,,,,,,US,,,1064,Organization,,,,,,,,,,,,,,False
US,US,US,,,,,,,,,,,US,,,1066,Organization,,,,,,,,,,,,,,False
US,US,US,,,,,,,,,,,US,,,1068,Organization,,,,,,,,,,,,,,False
US,US,US,,,,,,,,,,,US,,,1070,Organization,,,,,,,,,,,,,,False
US,US,US,,,,,,,,,,,US,,,1075,Organization,,,,,,,,,,,,,,False
US,US,US,,,,,,,,,,,US,,,1076,Organization,,,,,,,,,,,,,,False
US,US,US,,,,,,,,,,,US,,,1078,Organization,,,,,,,,,,,,,,False
US,US,US,,,,,,,,,,,US,,,1081,Organization,,,,,,,,,,,,,,False
US,US,US,,,,,,,,,,,US,,,1084,Organization,,,,,,,,,,,,,,False
US,US,US,,,,,,,,,,,US,,,1085,Organization,,,,,,,,,,,,,,False
US,US,US,,,,,,,,,,,US,,,1088,Organization,,,,,,,,,,,,,,False
US,US,US,,,,,,,,,,,US,,,1089,Organization,,,,,,,,,,,,,,False
US,US,US,,,,,,,,,,,US,,,1090,Organization,,,,,,,,,,,,,,False
US,US,US,,,,,,,,,,,US,,,1092,Organization,,,,,,,,,,,,,,False
US,US,US,,,,,,,,,,,US,,,1094,Organization,,,,,,,,,,,,,,False
US,US,US,,,,,,,,,,,US,,,1095,Organization,,,,,,,,,,,,,,False
US,US,US,,,,,,,,,,,US,,,1097,Organization,,,,,,,,,,,,,,False
US,US,US,,,,,,,,,,,US,,,1098,Organization,,,,,,,,,,,,,,False
US,US,US,,,,,,,,,,,US,,,1099,Organization,,,,,,,,,,,,,,False
US,US,US,,,,,,,,,,,US,,,1103,Organization,,,,,,,,,,,,,,False
US,US,US,,,,,,,,,,,US,,,1104,Organization,,,,,,,,,,,,,,False
US,US,US,,,,,,,,,,,US,,,1105,Organization,,,,,,,,,,,,,,False
US,US,US,,,,,,,,,,,US,,,1106,Organization,,,,,,,,,,,,,,False
US,US,US,,,,,,,,,,,US,,,1109,Organization,,,,,,,,,,,,,,False
US,US,US,,,,,,,,,,,US,,,1112,Organization,,,,,,,,,,,,,,False
US,US,US,,,,,,,,,,,US,,,1117,Organization,,,,,,,,,,,,,,False
US,US,US,,,,,,,,,,,US,,,1118,Organization,,,,,,,,,,,,,,False
US,US,US,,,,,,,,,,,US,,,1119,Organization,,,,,,,,,,,,,,False
US,US,US,,,,,,,,,,,US,,,1122,Organization,,,,,,,,,,,,,,False
US,US,US,,,,,,,,,,,US,,,1125,Organization,,,,,,,,,,,,,,False
US,US,US,,,,,,,,,,,US,,,1126,Organization,,,,,,,,,,,,,,False
US,US,US,,,,,,,,,,,US,,,1127,Organization,,,,,,,,,,,,,,False
US,US,US,,,,,,,,,,,US,,,1128,Organization,,,,,,,,,,,,,,False
US,US,US,,,,,,,,,,,US,,,1129,Organization,,,,,,,,,,,,,,False
US,US,US,,,,,,,,,,,US,,,1131,Organization,,,,,,,,,,,,,,False
US,US,US,,,,,,,,,,,US,,,1132,Organization,,,,,,,,,,,,,,False
US,US,US,,,,,,,,,,,US,,,1135,Organization,,,,,,,,,,,,,,False
US,US,US,,,,,,,,,,,US,,,1137,Organization,,,,,,,,,,,,,,False
US,US,US,,,,,,,,,,,US,,,1139,Organization,,,,,,,,,,,,,,False
US,US,US,,,,,,,,,,,US,,,1140,Organization,,,,,,,,,,,,,,False
US,US,US,,,,,,,,,,,US,,,1142,Organization,,,,,,,,,,,,,,False
US,US,US,,,,,,,,,,,US,,,1144,Organization,,,,,,,,,,,,,,False
US,US,US,,,,,,,,,,,US,,,1146,Organization,,,,,,,,,,,,,,False
US,US,US,,,,,,,,,,,US,,,1150,Organization,,,,,,,,,,,,,,False
US,US,US,,,,,,,,,,,US,,,1151,Organization,,,,,,,,,,,,,,False
US,US,US,,,,,,,,,,,US,,,1152,Organization,,,,,,,,,,,,,,False
US,US,US,,,,,,,,,,,US,,,1153,Organization,,,,,,,,,,,,,,False
US,US,US,,,,,,,,,,,US,,,1154,Organization,,,,,,,,,,,,,,False
US,US,US,,,,,,,,,,,US,,,1155,Organization,,,,,,,,,,,,,,False
US,US,US,,,,,,,,,,,US,,,1157,Organization,,,,,,,,,,,,,,False
US,US,US,,,,,,,,,,,US,,,1160,Organization,,,,,,,,,,,,,,False
US,US,US,,,,,,,,,,,US,,,1164,Organization,,,,,,,,,,,,,,False
US,US,US,,,,,,,,,,,US,,,1166,Organization,,,,,,,,,,,,,,False
US,US,US,,,,,,,,,,,US,,,1167,Organization,,,,,,,,,,,,,,False
US,US,US,,,,,,,,,,,US,,,1169,Organization,,,,,,,,,,,,,,False
US,US,US,,,,,,,,,,,US,,,1171,Organization,,,,,,,,,,,,,,False
US,US,US,,,,,,,,,,,US,,,1172,Organization,,,,,,,,,,,,,,False
US,US,US,,,,,,,,,,,US,,,1173,Organization,,,,,,,,,,,,,,False
US,US,US,,,,,,,,,,,US,,,1175,Organization,,,,,,,,,,,,,,False
US,US,US,,,,,,,,,,,US,,,1180,Organization,,,,,,,,,,,,,,False
US,US,US,,,,,,,,,,,US,,,1183,Organization,,,,,,,,,,,,,,False
US,US,US,,,,,,,,,,,US,,,1184,Organization,,,,,,,,,,,,,,False
US,US,US,,,,,,,,,,,US,,,1187,Organization,,,,,,,,,,,,,,False
US,US,US,,,,,,,,,,,US,,,1191,Organization,,,,,,,,,,,,,,False
US,US,US,,,,,,,,,,,US,,,1192,Organization,,,,,,,,,,,,,,False
US,US,US,,,,,,,,,,,US,,,1193,Organization,,,,,,,,,,,,,,False
US,US,US,,,,,,,,,,,US,,,1195,Organization,,,,,,,,,,,,,,False
US,US,US,,,,,,,,,,,US,,,1199,Organization,,,,,,,,,,,,,,False
US,US,US,,,,,,,,,,,US,,,1202,Organization,,,,,,,,,,,,,,False
US,US,US,,,,,,,,,,,US,,,1203,Organization,,,,,,,,,,,,,,False
US,US,US,,,,,,,,,,,US,,,1204,Organization,,,,,,,,,,,,,,False
US,US,US,,,,,,,,,,,US,,,1207,Organization,,,,,,,,,,,,,,False
US,US,US,,,,,,,,,,,US,,,1208,Organization,,,,,,,,,,,,,,False
US,US,US,,,,,,,,,,,US,,,1209,Organization,,,,,,,,,,,,,,False
US,US,US,,,,,,,,,,,US,,,1210,Organization,,,,,,,,,,,,,,False
US,US,US,,,,,,,,,,,US,,,1213,Organization,,,,,,,,,,,,,,False
US,US,US,,,,,,,,,,,US,,,1214,Organization,,,,,,,,,,,,,,False
US,US,US,,,,,,,,,,,US,,,1220,Organization,,,,,,,,,,,,,,False
US,US,US,,,,,,,,,,,US,,,1221,Organization,,,,,,,,,,,,,,False
US,US,US,,,,,,,,,,,US,,,1223,Organization,,,,,,,,,,,,,,False
US,US,US,,,,,,,,,,,US,,,1226,Organization,,,,,,,,,,,,,,False
US,US,US,,,,,,,,,,,US,,,1228,Organization,,,,,,,,,,,,,,False
US,US,US,,,,,,,,,,,US,,,1235,Organization,,,,,,,,,,,,,,False
US,US,US,,,,,,,,,,,US,,,1236,Organization,,,,,,,,,,,,,,False
US,US,US,,,,,,,,,,,US,,,1241,Organization,,,,,,,,,,,,,,False
US,US,US,,,,,,,,,,,US,,,1243,Organization,,,,,,,,,,,,,,False
US,US,US,,,,,,,,,,,US,,,1247,Organization,,,,,,,,,,,,,,False
US,US,US,,,,,,,,,,,US,,,1248,Organization,,,,,,,,,,,,,,False
US,US,US,,,,,,,,,,,US,,,1249,Organization,,,,,,,,,,,,,,False
US,US,US,,,,,,,,,,,US,,,1250,Organization,,,,,,,,,,,,,,False
US,US,US,,,,,,,,,,,US,,,1253,Organization,,,,,,,,,,,,,,False
US,US,US,,,,,,,,,,,US,,,1256,Organization,,,,,,,,,,,,,,False
US,US,US,,,,,,,,,,,US,,,1260,Organization,,,,,,,,,,,,,,False
US,US,US,,,,,,,,,,,US,,,1261,Organization,,,,,,,,,,,,,,False
US,US,US,,,,,,,,,,,US,,,1263,Organization,,,,,,,,,,,,,,False
US,US,US,,,,,,,,,,,US,,,1264,Organization,,,,,,,,,,,,,,False
US,US,US,,,,,,,,,,,US,,,1265,Organization,,,,,,,,,,,,,,False
US,US,US,,,,,,,,,,,US,,,1269,Organization,,,,,,,,,,,,,,False
US,US,US,,,,,,,,,,,US,,,1273,Organization,,,,,,,,,,,,,,False
US,US,US,,,,,,,,,,,US,,,1274,Organization,,,,,,,,,,,,,,False
US,US,US,,,,,,,,,,,US,,,1276,Organization,,,,,,,,,,,,,,False
US,US,US,,,,,,,,,,,US,,,1279,Organization,,,,,,,,,,,,,,False
US,US,US,,,,,,,,,,,US,,,1281,Organization,,,,,,,,,,,,,,False
US,US,US,,,,,,,,,,,US,,,1282,Organization,,,,,,,,,,,,,,False
US,US,US,,,,,,,,,,,US,,,1283,Organization,,,,,,,,,,,,,,False
US,US,US,,,,,,,,,,,US,,,1285,Organization,,,,,,,,,,,,,,False
US,US,US,,,,,,,,,,,US,,,1288,Organization,,,,,,,,,,,,,,False
US,US,US,,,,,,,,,,,US,,,1289,Organization,,,,,,,,,,,,,,False
US,US,US,,,,,,,,,,,US,,,1290,Organization,,,,,,,,,,,,,,False
US,US,US,,,,,,,,,,,US,,,1292,Organization,,,,,,,,,,,,,,False
US,US,US,,,,,,,,,,,US,,,1294,Organization,,,,,,,,,,,,,,False
US,US,US,,,,,,,,,,,US,,,1295,Organization,,,,,,,,,,,,,,False
US,US,US,,,,,,,,,,,US,,,1296,Organization,,,,,,,,,,,,,,False
US,US,US,,,,,,,,,,,US,,,1298,Organization,,,,,,,,,,,,,,False
US,US,US,,,,,,,,,,,US,,,1299,Organization,,,,,,,,,,,,,,False
US,US,US,,,,,,,,,,,US,,,1302,Organization,,,,,,,,,,,,,,False
US,US,US,,,,,,,,,,,US,,,1303,Organization,,,,,,,,,,,,,,False
US,US,US,,,,,,,,,,,US,,,1304,Organization,,,,,,,,,,,,,,False
US,US,US,,,,,,,,,,,US,,,1305,Organization,,,,,,,,,,,,,,False
US,US,US,,,,,,,,,,,US,,,1311,Organization,,,,,,,,,,,,,,False
US,US,US,,,,,,,,,,,US,,,1312,Organization,,,,,,,,,,,,,,False
US,US,US,,,,,,,,,,,US,,,1314,Organization,,,,,,,,,,,,,,False
US,US,US,,,,,,,,,,,US,,,1315,Organization,,,,,,,,,,,,,,False
US,US,US,,,,,,,,,,,US,,,1320,Organization,,,,,,,,,,,,,,False
US,US,US,,,,,,,,,,,US,,,1325,Organization,,,,,,,,,,,,,,False
US,US,US,,,,,,,,,,,US,,,1329,Organization,,,,,,,,,,,,,,False
US,US,US,,,,,,,,,,,US,,,1330,Organization,,,,,,,,,,,,,,False
US,US,US,,,,,,,,,,,US,,,1334,Organization,,,,,,,,,,,,,,False
US,US,US,,,,,,,,,,,US,,,1335,Organization,,,,,,,,,,,,,,False
US,US,US,,,,,,,,,,,US,,,1336,Organization,,,,,,,,,,,,,,False
US,US,US,,,,,,,,,,,US,,,1338,Organization,,,,,,,,,,,,,,False
US,US,US,,,,,,,,,,,US,,,1339,Organization,,,,,,,,,,,,,,False
US,US,US,,,,,,,,,,,US,,,1341,Organization,,,,,,,,,,,,,,False
US,US,US,,,,,,,,,,,US,,,1342,Organization,,,,,,,,,,,,,,False
US,US,US,,,,,,,,,,,US,,,1343,Organization,,,,,,,,,,,,,,False
US,US,US,,,,,,,,,,,US,,,1345,Organization,,,,,,,,,,,,,,False
US,US,US,,,,,,,,,,,US,,,1346,Organization,,,,,,,,,,,,,,False
US,US,US,,,,,,,,,,,US,,,1348,Organization,,,,,,,,,,,,,,False
US,US,US,,,,,,,,,,,US,,,1351,Organization,,,,,,,,,,,,,,False
US,US,US,,,,,,,,,,,US,,,1353,Organization,,,,,,,,,,,,,,False
US,US,US,,,,,,,,,,,US,,,1355,Organization,,,,,,,,,,,,,,False
US,US,US,,,,,,,,,,,US,,,1356,Organization,,,,,,,,,,,,,,False
US,US,US,,,,,,,,,,,US,,,1359,Organization,,,,,,,,,,,,,,False
US,US,US,,,,,,,,,,,US,,,1360,Organization,,,,,,,,,,,,,,False
US,US,US,,,,,,,,,,,US,,,1362,Organization,,,,,,,,,,,,,,False
US,US,US,,,,,,,,,,,US,,,1364,Organization,,,,,,,,,,,,,,False
US,US,US,,,,,,,,,,,US,,,1365,Organization,,,,,,,,,,,,,,False
US,US,US,,,,,,,,,,,US,,,1366,Organization,,,,,,,,,,,,,,False
US,US,US,,,,,,,,,,,US,,,1369,Organization,,,,,,,,,,,,,,False
US,US,US,,,,,,,,,,,US,,,1370,Organization,,,,,,,,,,,,,,False
US,US,US,,,,,,,,,,,US,,,1374,Organization,,,,,,,,,,,,,,False
US,US,US,,,,,,,,,,,US,,,1375,Organization,,,,,,,,,,,,,,False
US,US,US,,,,,,,,,,,US,,,1376,Organization,,,,,,,,,,,,,,False
US,US,US,,,,,,,,,,,US,,,1377,Organization,,,,,,,,,,,,,,False
US,US,US,,,,,,,,,,,US,,,1378,Organization,,,,,,,,,,,,,,False
US,US,US,,,,,,,,,,,US,,,1380,Organization,,,,,,,,,,,,,,False
US,US,US,,,,,,,,,,,US,,,1381,Organization,,,,,,,,,,,,,,False
US,US,US,,,,,,,,,,,US,,,1387,Organization,,,,,,,,,,,,,,False
US,US,US,,,,,,,,,,,US,,,1388,Organization,,,,,,,,,,,,,,False
US,US,US,,,,,,,,,,,US,,,1389,Organization,,,,,,,,,,,,,,False
US,US,US,,,,,,,,,,,US,,,1391,Organization,,,,,,,,,,,,,,False
US,US,US,,,,,,,,,,,US,,,1392,Organization,,,,,,,,,,,,,,False
US,US,US,,,,,,,,,,,US,,,1394,Organization,,,,,,,,,,,,,,False
US,US,US,,,,,,,,,,,US,,,1395,Organization,,,,,,,,,,,,,,False
US,US,US,,,,,,,,,,,US,,,1396,Organization,,,,,,,,,,,,,,False
US,US,US,,,,,,,,,,,US,,,1398,Organization,,,,,,,,,,,,,,False
US,US,US,,,,,,,,,,,US,,,1399,Organization,,,,,,,,,,,,,,False
US,US,US,,,,,,,,,,,US,,,1401,Organization,,,,,,,,,,,,,,False
US,US,US,,,,,,,,,,,US,,,1403,Organization,,,,,,,,,,,,,,False
US,US,US,,,,,,,,,,,US,,,1404,Organization,,,,,,,,,,,,,,False
US,US,US,,,,,,,,,,,US,,,1409,Organization,,,,,,,,,,,,,,False
US,US,US,,,,,,,,,,,US,,,1411,Organization,,,,,,,,,,,,,,False
US,US,US,,,,,,,,,,,US,,,1413,Organization,,,,,,,,,,,,,,False
US,US,US,,,,,,,,,,,US,,,1414,Organization,,,,,,,,,,,,,,False
US,US,US,,,,,,,,,,,US,,,1415,Organization,,,,,,,,,,,,,,False
US,US,US,,,,,,,,,,,US,,,1417,Organization,,,,,,,,,,,,,,False
US,US,US,,,,,,,,,,,US,,,1418,Organization,,,,,,,,,,,,,,False
US,US,US,,,,,,,,,,,US,,,1420,Organization,,,,,,,,,,,,,,False
US,US,US,,,,,,,,,,,US,,,1421,Organization,,,,,,,,,,,,,,False
US,US,US,,,,,,,,,,,US,,,1422,Organization,,,,,,,,,,,,,,False
US,US,US,,,,,,,,,,,US,,,1423,Organization,,,,,,,,,,,,,,False
US,US,US,,,,,,,,,,,US,,,1424,Organization,,,,,,,,,,,,,,False
US,US,US,,,,,,,,,,,US,,,1425,Organization,,,,,,,,,,,,,,False
US,US,US,,,,,,,,,,,US,,,1426,Organization,,,,,,,,,,,,,,False
US,US,US,,,,,,,,,,,US,,,1427,Organization,,,,,,,,,,,,,,False
US,US,US,,,,,,,,,,,US,,,1428,Organization,,,,,,,,,,,,,,False
US,US,US,,,,,,,,,,,US,,,1430,Organization,,,,,,,,,,,,,,False
US,US,US,,,,,,,,,,,US,,,1431,Organization,,,,,,,,,,,,,,False
US,US,US,,,,,,,,,,,US,,,1432,Organization,,,,,,,,,,,,,,False
US,US,US,,,,,,,,,,,US,,,1433,Organization,,,,,,,,,,,,,,False
US,US,US,,,,,,,,,,,US,,,1434,Organization,,,,,,,,,,,,,,False
US,US,US,,,,,,,,,,,US,,,1435,Organization,,,,,,,,,,,,,,False
US,US,US,,,,,,,,,,,US,,,1436,Organization,,,,,,,,,,,,,,False
US,US,US,,,,,,,,,,,US,,,1438,Organization,,,,,,,,,,,,,,False
US,US,US,,,,,,,,,,,US,,,1439,Organization,,,,,,,,,,,,,,False
US,US,US,,,,,,,,,,,US,,,1442,Organization,,,,,,,,,,,,,,False
US,US,US,,,,,,,,,,,US,,,1443,Organization,,,,,,,,,,,,,,False
US,US,US,,,,,,,,,,,US,,,1444,Organization,,,,,,,,,,,,,,False
